ID,변형,조건,피처수,OOF MAE,Peak-MAE,Recall,F1,FP,FN,fold 표준편차,fold2,fold3,fold4,fold5,정상일 MAE,토요일 MAE,상위2일 제외 MAE,ΔOOF MAE,ΔPeak-MAE,ΔRecall,ΔF1,Δfold 표준편차,Δfold2,Δfold3,Δfold4,Δfold5,Δ정상일 MAE,Δ토요일 MAE,Δ상위2일 제외 MAE,ΔMAE CI 하한,ΔMAE CI 상한,p,개선 fold 수,① CI가 0 미포함,② 정상 fold 악화 ≤ 잡음,③ 정상일 악화 ≤ 잡음,④ Recall·Peak-MAE,①~④ 통과,구분,잡음 초과 개선·3/4 fold
LOFO-y_avg_lag24,평균전력 24시간 전 제거,D1,43,10.892763,22.509894,0.788462,0.625954,114,33,8.255675,7.090601,23.05007,6.800288,5.830816,6.953027,7.504703,7.436282,-0.113891,-1.362869,-0.057692,-0.016382,-0.204929,0.011506,-0.386464,-0.360934,0.320205,-0.021982,0.050081,-0.09342,-0.319579,0.083308,0.257,2.0,False,False,True,False,False,개별 변수 제거,False
LOFO-y_avg_lag48,평균전력 48시간 전 제거,D1,43,10.756413,23.515014,0.801282,0.623441,120,31,8.302902,6.992678,22.966414,6.809846,5.450588,6.813091,7.058642,7.344861,-0.250241,-0.357749,-0.044872,-0.018894,-0.157701,-0.086418,-0.47012,-0.351375,-0.060024,-0.161918,-0.395979,-0.18484,-0.451477,-0.048783,0.016,4.0,True,True,True,False,False,개별 변수 제거,True
LOFO-y_avg_lag168,평균전력 168시간 전 제거,D1,43,11.01206,26.215176,0.858974,0.64891,123,22,8.516191,7.020342,23.486648,7.464653,5.212942,7.006173,7.713707,7.673503,0.005406,2.342413,0.012821,0.006575,0.055588,-0.058753,0.050114,0.303432,-0.297669,0.031165,0.259086,0.143801,-0.393196,0.44979,0.992,2.0,False,True,True,False,False,개별 변수 제거,False
LOFO-y_peak_lag24,peak15 24시간 전 제거,D1,43,10.784464,23.175276,0.839744,0.650124,116,25,8.468747,6.91032,23.233455,6.832564,5.33221,6.768908,7.674114,7.344249,-0.22219,-0.697487,-0.00641,0.007788,0.008143,-0.168776,-0.20308,-0.328657,-0.178401,-0.2061,0.219493,-0.185452,-0.423031,-0.027787,0.024,4.0,True,True,True,True,True,개별 변수 제거,True
LOFO-y_peak_lag48,peak15 48시간 전 제거,D1,43,10.950509,24.514007,0.807692,0.647815,107,30,8.340771,7.196301,23.181255,7.291601,5.311244,6.959361,7.677104,7.558409,-0.056145,0.641244,-0.038462,0.005479,-0.119833,0.117205,-0.25528,0.130379,-0.199367,-0.015648,0.222482,0.028707,-0.249649,0.1232,0.618,2.0,False,True,True,False,False,개별 변수 제거,False
LOFO-y_peak_lag168,peak15 168시간 전 제거,D1,43,10.935105,23.171978,0.871795,0.657005,122,20,8.298381,7.22438,23.100536,7.305094,5.294942,6.786447,7.834158,7.489425,-0.071548,-0.700786,0.025641,0.014669,-0.162223,0.145285,-0.335998,0.143873,-0.215669,-0.188562,0.379537,-0.040276,-0.294834,0.152691,0.519,2.0,False,True,True,True,False,개별 변수 제거,False
LOFO-roll24_avg_mean,직전24h 평균전력 평균 제거,D1,43,11.043317,23.638171,0.846154,0.651852,117,24,8.240761,7.085084,23.1021,7.742375,5.392336,6.854379,7.48363,7.62663,0.036664,-0.234592,0.0,0.009516,-0.219842,0.005989,-0.334435,0.581154,-0.118275,-0.12063,0.029009,0.096928,-0.250611,0.360771,0.883,2.0,False,True,True,True,False,개별 변수 제거,False
LOFO-roll24_avg_max,직전24h 평균전력 최대 제거,D1,43,10.906406,23.785581,0.788462,0.656,96,33,8.201026,7.183967,22.951501,7.162273,5.523771,6.912318,7.384839,7.500797,-0.100248,-0.087182,-0.057692,0.013664,-0.259577,0.104871,-0.485034,0.001052,0.01316,-0.062691,-0.069782,-0.028904,-0.308401,0.112696,0.307,1.0,False,True,True,False,False,개별 변수 제거,False
LOFO-roll24_avg_std,직전24h 평균전력 표준편차 제거,D1,43,10.700231,22.719586,0.833333,0.637255,122,26,7.879839,7.168875,22.280898,7.003689,5.58413,7.044186,6.158784,7.287488,-0.306423,-1.153177,-0.012821,-0.005081,-0.580765,0.089779,-1.155636,-0.157532,0.073519,0.069177,-1.295837,-0.242213,-0.930437,0.116683,0.2,2.0,False,True,True,False,False,개별 변수 제거,False
LOFO-roll24_peak_max,직전24h peak15 최대 제거,D1,43,10.970429,24.400149,0.820513,0.646465,112,28,8.443999,7.05226,23.345477,7.38684,5.247867,6.870296,7.239552,7.522758,-0.036225,0.527386,-0.025641,0.004129,-0.016604,-0.026835,-0.091057,0.225619,-0.262744,-0.104713,-0.21507,-0.006944,-0.209322,0.162079,0.682,3.0,False,True,True,False,False,개별 변수 제거,False
LOFO-roll24_peak_cnt,직전24h 피크 발생건수 제거,D1,43,10.968057,24.609262,0.858974,0.647343,124,22,8.34459,6.894939,23.18529,7.607979,5.316187,6.791772,7.633529,7.524628,-0.038597,0.736499,0.012821,0.005007,-0.116014,-0.184156,-0.251245,0.446758,-0.194425,-0.183237,0.178908,-0.005074,-0.246593,0.188869,0.655,3.0,False,True,True,True,False,개별 변수 제거,False
LOFO-roll168_avg_mean,직전168h 평균전력 평균 제거,D1,43,11.181528,24.063724,0.794872,0.621554,119,32,8.383023,7.315017,23.457138,7.685685,5.424641,7.243719,8.138909,7.777981,0.174874,0.190961,-0.051282,-0.020782,-0.07758,0.235922,0.020604,0.524464,-0.08597,0.26871,0.684287,0.248279,-0.368929,0.787692,0.598,1.0,False,False,False,False,False,개별 변수 제거,False
LOFO-roll168_avg_max,직전168h 평균전력 최대 제거,D1,43,15.750141,24.328481,0.782051,0.606965,124,34,10.350179,7.229434,23.497534,24.992333,5.547829,7.043571,7.776293,12.473751,4.743487,0.455718,-0.064103,-0.035371,1.889576,0.150338,0.061,17.831111,0.037218,0.068563,0.321672,4.94405,0.073319,10.551715,0.018,0.0,False,True,True,False,False,개별 변수 제거,False
LOFO-roll168_avg_std,직전168h 평균전력 표준편차 제거,D1,43,10.815631,23.165105,0.717949,0.618785,94,44,8.245425,6.951317,22.914129,7.221671,5.346658,6.788367,7.660481,7.42425,-0.191023,-0.707658,-0.128205,-0.023551,-0.215179,-0.127779,-0.522405,0.06045,-0.163953,-0.186642,0.20586,-0.105452,-0.421568,0.020156,0.084,3.0,False,True,True,False,False,개별 변수 제거,False
LOFO-roll168_peak_max,직전168h peak15 최대 제거,D1,43,11.029134,23.872488,0.788462,0.659517,94,33,8.459841,6.993667,23.432611,7.452974,5.374701,6.846157,7.313924,7.556429,0.02248,-0.000275,-0.057692,0.017182,-0.000762,-0.085429,-0.003924,0.291752,-0.13591,-0.128851,-0.140698,0.026728,-0.141797,0.202196,0.786,3.0,False,True,True,False,False,개별 변수 제거,False
LOFO-roll168_peak_cnt,직전168h 피크 발생건수 제거,D1,43,10.931146,23.625024,0.737179,0.638889,89,41,8.383042,7.02678,23.254103,7.059467,5.554432,6.853183,7.587899,7.457671,-0.075508,-0.247739,-0.108974,-0.003447,-0.077562,-0.052316,-0.182431,-0.101755,0.043821,-0.121826,0.133278,-0.072031,-0.245395,0.091509,0.416,3.0,False,True,True,False,False,개별 변수 제거,False
LOFO-hour,시간 제거,D1,43,11.073275,24.382826,0.814103,0.638191,115,29,8.432772,7.272183,23.468854,7.10834,5.625056,6.986818,7.514849,7.581367,0.066621,0.510063,-0.032051,-0.004145,-0.027832,0.193087,0.03232,-0.052881,0.114445,0.01181,0.060228,0.051665,-0.10443,0.230592,0.436,1.0,False,True,True,False,False,개별 변수 제거,False
LOFO-dow,요일 제거,D1,43,10.88227,24.692598,0.826923,0.638614,119,27,8.277023,7.03713,23.041618,7.129555,5.49911,6.886246,7.037767,7.420846,-0.124383,0.819835,-0.019231,-0.003722,-0.18358,-0.041966,-0.394916,-0.031666,-0.011501,-0.088762,-0.416854,-0.108855,-0.317269,0.04704,0.168,4.0,False,True,True,False,False,개별 변수 제거,False
LOFO-month,월 제거,D1,43,10.945142,23.763476,0.788462,0.643979,103,33,8.133326,7.22193,22.901142,7.150511,5.710237,6.979182,7.25321,7.535371,-0.061512,-0.109288,-0.057692,0.001643,-0.327277,0.142835,-0.535392,-0.01071,0.199626,0.004173,-0.201411,0.005669,-0.320156,0.162012,0.616,2.0,False,True,True,False,False,개별 변수 제거,False
LOFO-is_sat,토요일 제거,D1,43,10.982896,23.872763,0.846154,0.642336,123,24,8.473668,7.079096,23.436534,7.070785,5.510611,6.975009,7.340001,7.505017,-0.023758,0.0,0.0,0.0,0.013065,0.0,0.0,-0.090436,0.0,0.0,-0.114621,-0.024684,-0.065801,-0.0,0.27,1.0,False,True,True,True,False,개별 변수 제거,False
LOFO-is_sun,일요일 제거,D1,43,11.006654,23.872763,0.846154,0.642336,123,24,8.460604,7.079096,23.436534,7.161221,5.510611,6.975009,7.454621,7.529701,0.0,0.0,0.0,0.0,0.0,0.0,0.0,0.0,0.0,0.0,0.0,0.0,-0.0,-0.0,1.0,0.0,False,True,True,True,False,개별 변수 제거,False
LOFO-is_holiday,공휴일 제거,D1,43,11.009757,24.540879,0.865385,0.652174,123,21,8.401159,7.064709,23.359531,7.145003,5.634231,6.978107,7.667418,7.554829,0.003103,0.668116,0.019231,0.009838,-0.059445,-0.014386,-0.077003,-0.016218,0.12362,0.003098,0.212797,0.025127,-0.120653,0.133063,0.934,3.0,False,True,True,True,False,개별 변수 제거,False
LOFO-hour_sin,시간 sin 제거,D1,43,10.808529,23.97532,0.826923,0.635468,121,27,8.134379,7.20097,22.769263,6.9039,5.580085,6.975675,6.686745,7.436967,-0.198125,0.102557,-0.019231,-0.006868,-0.326225,0.121874,-0.667271,-0.257321,0.069473,0.000666,-0.767876,-0.092734,-0.51274,0.051039,0.134,2.0,False,True,True,False,False,개별 변수 제거,False
LOFO-hour_cos,시간 cos 제거,D1,43,11.192582,26.243058,0.75641,0.609819,113,38,8.136912,7.671441,23.113898,7.615398,5.582739,7.048992,7.540505,7.806677,0.185928,2.370295,-0.089744,-0.032517,-0.323691,0.592345,-0.322636,0.454177,0.072128,0.073983,0.085884,0.276976,-0.117727,0.491751,0.234,1.0,False,False,True,False,False,개별 변수 제거,False
LOFO-dow_sin,요일 sin 제거,D1,43,10.937525,24.063187,0.826923,0.640199,118,27,8.409873,7.061237,23.293545,7.093383,5.471633,6.971498,8.309302,7.538949,-0.069129,0.190424,-0.019231,-0.002137,-0.05073,-0.017859,-0.142989,-0.067838,-0.038978,-0.00351,0.85468,0.009248,-0.296927,0.210387,0.544,4.0,False,True,True,False,False,개별 변수 제거,False
LOFO-dow_cos,요일 cos 제거,D1,43,10.969043,24.274656,0.788462,0.634021,109,33,8.282825,7.164458,23.147566,7.083758,5.668706,7.059854,7.37631,7.571445,-0.037611,0.401893,-0.057692,-0.008315,-0.177778,0.085362,-0.288968,-0.077463,0.158095,0.084845,-0.078311,0.041744,-0.26126,0.147216,0.738,2.0,False,True,True,False,False,개별 변수 제거,False
LOFO-is_daytime,주간(9~17시) 제거,D1,43,11.011808,23.841119,0.826923,0.645,115,27,8.425907,6.944123,23.382928,7.328871,5.533012,6.929748,7.366596,7.523765,0.005154,-0.031644,-0.019231,0.002664,-0.034696,-0.134973,-0.053607,0.167649,0.022401,-0.045261,-0.088025,-0.005937,-0.111792,0.136348,0.964,2.0,False,True,True,False,False,개별 변수 제거,False
LOFO-is_startup_08,08시 기동 제거,D1,43,10.876417,24.01594,0.801282,0.639386,110,31,8.360075,7.128495,23.16147,6.969467,5.435537,6.854963,7.154748,7.417638,-0.130237,0.143177,-0.044872,-0.00295,-0.100528,0.049399,-0.275064,-0.191754,-0.075074,-0.120045,-0.299874,-0.112063,-0.257841,-0.014456,0.023,3.0,True,True,True,False,False,개별 변수 제거,False
LOFO-is_restart_13,13시 재가동 제거,D1,43,11.054499,23.501466,0.826923,0.640199,118,27,8.466895,7.043718,23.484372,7.330885,5.50529,6.927058,7.722094,7.563168,0.047845,-0.371298,-0.019231,-0.002137,0.006291,-0.035378,0.047838,0.169664,-0.005321,-0.047951,0.267473,0.033467,-0.068359,0.185686,0.45,2.0,False,True,True,False,False,개별 변수 제거,False
LOFO-is_shutdown,휴무일 제거,D1,43,11.006654,23.872763,0.846154,0.642336,123,24,8.460604,7.079096,23.436534,7.161221,5.510611,6.975009,7.454621,7.529701,0.0,0.0,0.0,0.0,0.0,0.0,0.0,0.0,0.0,0.0,0.0,0.0,-0.0,-0.0,1.0,0.0,False,True,True,True,False,개별 변수 제거,False
LOFO-shutdown_nth,휴무 n일차 제거,D1,43,11.06833,23.897018,0.801282,0.641026,109,31,8.447882,7.080374,23.46745,7.370685,5.503553,6.988472,7.659016,7.594754,0.061676,0.024255,-0.044872,-0.00131,-0.012721,0.001278,0.030916,0.209463,-0.007058,0.013464,0.204394,0.065053,-0.004873,0.15345,0.084,1.0,False,True,True,False,False,개별 변수 제거,False
LOFO-is_first_day_back,휴무 직후 재가동일 제거,D1,43,10.993971,23.994456,0.826923,0.635468,121,27,8.45051,6.997523,23.406002,7.219219,5.504475,6.96971,7.560478,7.54199,-0.012683,0.121693,-0.019231,-0.006868,-0.010093,-0.081573,-0.030533,0.057998,-0.006137,-0.005299,0.105857,0.012288,-0.093947,0.071662,0.793,3.0,False,True,True,False,False,개별 변수 제거,False
LOFO-prev_day_shutdown,전일 휴무 제거,D1,43,10.970483,24.043984,0.794872,0.644156,105,32,8.419169,7.109602,23.340663,7.10597,5.497221,6.959538,7.49015,7.515673,-0.036171,0.171221,-0.051282,0.00182,-0.041435,0.030507,-0.095871,-0.055251,-0.01339,-0.015471,0.035528,-0.014028,-0.094269,0.023401,0.231,3.0,False,True,True,False,False,개별 변수 제거,False
LOFO-is_state_switch,가동 전환일 제거,D1,43,10.847651,24.824665,0.826923,0.641791,117,27,8.510195,6.803471,23.35051,7.026504,5.35445,6.898137,7.385272,7.449987,-0.159003,0.951902,-0.019231,-0.000545,0.049591,-0.275625,-0.086025,-0.134717,-0.156161,-0.076872,-0.06935,-0.079715,-0.327503,-0.007989,0.041,4.0,True,True,True,False,False,개별 변수 제거,False
LOFO-prod,계획생산량 제거,D1,43,11.294752,24.633138,0.865385,0.64133,130,21,8.285484,7.353017,23.432546,7.86299,5.683445,7.120432,7.716838,7.863644,0.288098,0.760374,0.019231,-0.001006,-0.17512,0.273922,-0.003988,0.701769,0.172834,0.145424,0.262217,0.333943,0.064387,0.526496,0.002,1.0,False,False,True,True,False,개별 변수 제거,False
LOFO-headcount,공장인원(정규화 공수) 제거,D1,43,11.182867,25.072981,0.820513,0.633663,120,28,8.197483,7.303203,23.197098,7.738297,5.659157,7.094092,7.719422,7.819827,0.176213,1.200218,-0.025641,-0.008672,-0.26312,0.224108,-0.239436,0.577075,0.148546,0.119083,0.264801,0.290126,-0.059823,0.421192,0.15,1.0,False,False,True,False,False,개별 변수 제거,False
LOFO-prod_chg_ratio,생산량 전일대비 변화율 제거,D1,43,10.992779,24.039849,0.788462,0.635659,108,33,8.423317,6.962004,23.350497,7.376021,5.42507,6.900322,7.314128,7.536015,-0.013875,0.167086,-0.057692,-0.006677,-0.037286,-0.117092,-0.086038,0.2148,-0.085541,-0.074686,-0.140493,0.006313,-0.151907,0.124942,0.859,3.0,False,True,True,False,False,개별 변수 제거,False
LOFO-prod_cum_day,일 누적생산량 제거,D1,43,11.463226,23.453506,0.782051,0.632124,108,34,8.08074,7.24055,23.064094,9.463667,5.162572,6.857103,7.152704,8.071693,0.456572,-0.419257,-0.064103,-0.010211,-0.379864,0.161454,-0.372441,2.302446,-0.348039,-0.117906,-0.301917,0.541991,-0.211797,1.497703,0.303,2.0,False,True,True,False,False,개별 변수 제거,False
LOFO-temp,기온 제거,D1,43,10.844844,24.18654,0.846154,0.642336,123,24,8.340013,6.951025,23.102047,7.023076,5.475295,6.859416,7.39364,7.43102,-0.16181,0.313777,0.0,0.0,-0.12059,-0.12807,-0.334487,-0.138145,-0.035316,-0.115593,-0.060982,-0.098682,-0.339831,0.024302,0.088,4.0,False,True,True,True,False,개별 변수 제거,False
LOFO-humid,습도 제거,D1,43,10.838042,23.21796,0.788462,0.634021,109,33,8.252003,7.044655,22.970929,6.972297,5.555083,6.814949,7.22159,7.344381,-0.168612,-0.654803,-0.057692,-0.008315,-0.2086,-0.03444,-0.465605,-0.188925,0.044472,-0.16006,-0.233031,-0.18532,-0.334845,-0.013773,0.032,3.0,True,True,True,False,False,개별 변수 제거,False
LOFO-wind,풍속 제거,D1,43,10.782012,24.050939,0.878205,0.647754,130,19,8.487901,6.946627,23.263452,6.746318,5.348848,6.892285,7.493944,7.393725,-0.224641,0.178176,0.032051,0.005418,0.027297,-0.132469,-0.173082,-0.414903,-0.161763,-0.082723,0.039322,-0.135976,-0.46464,-0.010656,0.038,4.0,True,True,True,True,True,개별 변수 제거,True
LOFO-rain,강수량 제거,D1,43,10.922348,24.257139,0.833333,0.654912,111,26,8.315704,6.930024,23.141818,7.185176,5.59237,6.929495,7.29288,7.529977,-0.084306,0.384375,-0.012821,0.012576,-0.144899,-0.149072,-0.294717,0.023955,0.081759,-0.045514,-0.161742,0.000276,-0.278205,0.107477,0.401,2.0,False,True,True,False,False,개별 변수 제거,False
LOFO-cdd,냉방도일 CDD 제거,D1,43,11.016232,23.779951,0.814103,0.639798,114,29,8.390059,7.079096,23.335417,7.289471,5.520435,6.930213,7.68724,7.549433,0.009578,-0.092812,-0.032051,-0.002537,-0.070545,0.0,-0.101118,0.12825,0.009824,-0.044796,0.232618,0.019732,-0.090431,0.117813,0.851,1.0,False,True,True,False,False,개별 변수 제거,False
LOFO-hdd,난방도일 HDD 제거,D1,43,10.972521,24.976225,0.820513,0.641604,115,28,8.470054,6.988994,23.423575,7.079213,5.55513,6.957884,7.746187,7.55657,-0.034133,1.103462,-0.025641,-0.000732,0.009451,-0.090101,-0.012959,-0.082008,0.044519,-0.017124,0.291566,0.026868,-0.206437,0.136799,0.708,3.0,False,True,True,False,False,개별 변수 제거,False
